build_seconds,cost_crystal,cost_gold,cost_iron,count,crystal,energy_supply,energy_used_reserved,event,finish_second,gold,id,iron,kind,lost_residents,refund,second,walk_seconds
20,0,2000,0,,0.0,0,0,order,29,1000.0,H1,0.0,house,,,0,9
,,,,,0.0,,,complete,,1638.0,H1,0.0,house,,,29,
20,0,2400,0,,0.0,0,0,order,83,12.0,A1,0.0,tower,,,56,7
,,,,,0.0,,,complete,,1221.0,A1,0.0,tower,,,83,
20,0,2300,0,,0.0,0,0,order,147,721.67,H2,0.0,house,,,120,7
,,,,,0.0,,,complete,,2035.67,H2,0.0,house,,,147,
20,0,2400,0,,0.0,0,0,order,197,34.0,A2,0.0,tower,,,155,22
,,,,,0.0,,,complete,,2744.0,A2,0.0,tower,,,197,
30,0,3000,0,,0.0,0,0,order,253,45.33,C1,0.0,coal,,,201,22
20,0,2600,0,,0.0,0,0,order,271,383.33,H3,0.0,house,,,240,11
,,,,,0.0,,,complete,,1362.67,C1,0.0,coal,,,253,
25,0,2000,0,,0.0,300,0,order,331,25.67,B1,0.0,bread,,,262,44
,,,,,0.0,,,complete,,688.67,H3,0.0,house,,,271,
,,,,2,,,,militia_skipped_unaffordable,,,,,,,,300,
30,0,3000,0,,0.0,300,0,order,339,35.0,R1,0.0,barracks,,,300,9
,,,,,0.0,,,complete,,3083.67,B1,0.0,bread,,,331,
,,,,,0.0,,,complete,,3961.0,R1,0.0,barracks,,,339,
20,0,2900,0,,40.0,300,0,order,385,3364.0,H4,0.0,house,,,360,5
25,0,2000,0,,40.0,300,0,order,388,1364.0,G1,0.0,grocery,,,360,3
,,,,,40.0,,,complete,,4105.67,H4,0.0,house,,,385,
30,0,3000,0,,40.0,300,0,order,482,1105.67,M1,0.0,mine,,,385,67
,,,,,40.0,,,complete,,1434.67,G1,0.0,grocery,,,388,
15,0,1600,0,,40.0,300,20,order,458,3872.0,Q1,0.0,sentry,,,420,23
,,,,,40.0,,,complete,,9387.33,Q1,0.0,sentry,,,458,
20,0,3200,0,,40.0,300,20,order,525,9399.33,H5,0.0,house,,,480,25
15,0,1000,0,,40.0,300,20,order,495,8399.33,worker3,0.0,worker_unit,,,480,0
,,,,,40.0,,,complete,,8685.33,M1,0.0,mine,,,482,
25,0,3000,0,,40.0,300,20,order,556,5685.33,T1,0.0,tavern,,,482,49
,,,,,40.0,,,complete,,7522.67,worker3,4.33,worker_unit,,,495,
,,,,,50.0,,,complete,,11732.67,H5,14.33,house,,,525,
30,0,1000,0,,90.0,300,20,order,580,12888.67,W1,19.33,wall,,,540,10
,,,,,90.0,,,complete,,15358.4,T1,24.67,tavern,,,556,
30,0,1000,0,,90.0,300,20,order,609,16659.67,W2,29.33,wall,,,570,9
,,,,,90.0,,,complete,,18386.0,W1,32.67,wall,,,580,
20,0,3500,0,,90.0,300,20,order,632,18372.67,H6,39.33,house,,,600,12
30,0,1000,0,,90.0,300,20,order,652,17372.67,W3,39.33,wall,,,600,22
,,,,,90.0,,,complete,,18941.67,W2,42.33,wall,,,609,
,,,,,90.0,,,complete,,22951.33,H6,50.0,house,,,632,
,,,,,90.0,,,complete,,26540.0,W3,56.67,wall,,,652,
,,,,2,90.0,,,militia_recruit,,25653.67,,59.33,,,,660,
20,0,3800,0,,130.0,300,20,order,750,33664.67,H7,79.33,house,,,720,10
30,0,3000,20,,130.0,300,20,order,780,30664.67,S1,59.33,smith,,,720,30
30,0,3000,0,,130.0,300,20,order,834,27664.67,C2,59.33,coal,,,720,84
,,,,,130.0,,,complete,,33634.67,H7,69.33,house,,,750,
40,100,8000,0,,30.0,300,220,order,806,25634.67,MAG,69.33,magic,,,750,16
,,,,,30.0,,,complete,,31837.17,S1,79.33,smith,,,780,
30,0,3000,80,,30.0,300,220,order,844,29272.37,U1,-0.0,upgrade,,,782,32
,,,,,30.0,,,complete,,34662.17,MAG,8.0,magic,,,806,
,,,,,30.0,,,complete,,41102.17,C2,17.33,coal,,,834,
20,0,4100,0,,30.0,600,220,order,877,38372.17,H8,19.33,house,,,840,17
,,,,,30.0,,,complete,,39285.5,U1,20.67,upgrade,,,844,
,,,,,30.0,,,complete,,47136.7,H8,31.67,house,,,877,
20,0,2400,0,,30.0,600,220,order,931,50771.37,A3,39.33,tower,,,900,11
,,,,,30.0,,,complete,,59595.0,A3,49.67,tower,,,931,
20,0,4400,0,,30.0,600,220,order,983,63605.0,H9,59.33,house,,,960,3
30,0,4000,0,,30.0,600,220,order,1012,59605.0,P1,59.33,potion,,,960,22
30,0,3000,0,,30.0,600,220,order,1005,56605.0,M2,59.33,mine,,,960,15
,,,,,30.0,,,complete,,63413.0,H9,67.0,house,,,983,
,,,,,30.0,,,complete,,70054.2,M2,74.33,mine,,,1005,
,,,,,30.0,,,complete,,72223.33,P1,79.0,potion,,,1012,
30,0,3000,80,,80.0,600,220,order,1060,71792.6,U2,4.33,upgrade,,,1020,10
,,,,,100.0,,,complete,,85084.33,U2,31.0,upgrade,,,1060,
20,0,4700,0,,100.0,600,220,order,1107,87173.0,H10,44.33,house,,,1080,7
15,0,1000,0,,100.0,600,220,order,1095,86173.0,worker4,44.33,worker_unit,,,1080,0
30,0,5000,0,,100.0,600,220,order,1117,81173.0,K1,44.33,market,,,1080,7
20,0,2400,0,,100.0,600,220,order,1201,78773.0,extraArrow0,44.33,tower,,,1080,101
,,,,,100.0,,,complete,,83998.0,worker4,54.33,worker_unit,,,1095,
,,,,,100.0,,,complete,,88278.2,H10,62.33,house,,,1107,
,,,,,100.0,,,complete,,91929.33,K1,69.0,market,,,1117,
45,0,8000,0,,100.0,600,320,order,1192,92794.47,F1,84.33,cinema,,,1140,7
40,0,8000,100,,100.0,600,520,order,1226,94441.67,TEC,0.33,research,,,1164,22
,,,,,100.0,,,complete,,105856.33,F1,19.0,cinema,,,1192,
,,,,2,100.0,,,militia_recruit,,106677.67,,24.33,,,,1200,
,,,,,,,,loss_house,,,H6,,,10,1750.0,1200,
20,0,4700,0,,100.0,600,520,order,1233,103727.67,H11,24.33,house,,,1200,13
20,0,2400,0,,100.0,600,520,order,1247,101327.67,A4,24.33,tower,,,1200,27
,,,,,100.0,,,complete,,101677.67,extraArrow0,25.0,tower,,,1201,
30,30,4800,0,,70.0,600,570,order,1234,96877.67,ring0,25.0,ring,,,1201,3
,,,,,70.0,,,complete,,105526.0,TEC,41.67,research,,,1226,
20,0,2200,5,,70.0,600,570,order,1246,103326.0,gun0,36.67,gun,,,1226,0
20,0,3600,0,,70.0,600,570,order,1287,99726.0,extraFrost0,36.67,frost,,,1226,41
,,,,,70.0,,,complete,,102115.0,H11,41.33,house,,,1233,
30,0,5000,40,,70.0,600,570,order,1357,97115.0,O1,1.33,oil,,,1233,94
,,,,,70.0,,,complete,,97455.33,ring0,2.0,ring,,,1234,
20,0,2400,0,,70.0,600,570,order,1259,95055.33,extraArrow1,2.0,tower,,,1234,5
,,,,,70.0,,,complete,,99093.43,gun0,10.0,gun,,,1246,
20,0,2200,5,,70.0,600,570,order,1266,96893.43,gun1,5.0,gun,,,1246,0
,,,,,70.0,,,complete,,97227.97,A4,5.67,tower,,,1247,
20,0,5000,0,,70.0,600,570,order,1289,92227.97,H6,5.67,house,,,1247,22
,,,,,70.0,,,complete,,96258.17,extraArrow1,13.67,tower,,,1259,
,,,,,120.0,,,complete,,98627.63,gun1,18.33,gun,,,1266,
20,0,2200,5,,120.0,600,570,order,1286,96427.63,gun2,13.33,gun,,,1266,0
,,,,,120.0,,,complete,,103248.5,gun2,26.67,gun,,,1286,
20,0,2200,5,,120.0,600,570,order,1306,101048.5,gun3,21.67,gun,,,1286,0
,,,,,120.0,,,complete,,101389.7,extraFrost0,22.33,frost,,,1287,
,,,,,120.0,,,complete,,102063.43,H6,23.67,house,,,1289,
,,,,,120.0,,,complete,,107865.77,gun3,35.0,gun,,,1306,
20,0,2200,5,,120.0,600,570,order,1326,105665.77,gun4,30.0,gun,,,1306,0
20,0,5300,0,,120.0,600,570,order,1355,105217.63,H12,39.33,house,,,1320,15
10,0,600,0,,120.0,600,570,order,1346,104617.63,fix_A1,39.33,repair,,,1320,16
20,0,2400,0,,120.0,600,570,order,1358,102217.63,extraArrow2,39.33,tower,,,1320,18
,,,,,120.0,,,complete,,104341.23,gun4,43.33,gun,,,1326,
20,0,2200,5,,120.0,600,570,order,1346,102141.23,gun5,38.33,gun,,,1326,0
,,,,,120.0,,,complete,,109282.83,fix_A1,51.67,repair,,,1346,
,,,,,120.0,,,complete,,109282.83,gun5,51.67,gun,,,1346,
20,0,3600,0,,120.0,600,570,order,1401,107119.1,extraFrost1,54.33,frost,,,1350,31
,,,,,120.0,,,complete,,108914.43,H12,57.67,house,,,1355,
,,,,,120.0,,,complete,,109632.57,O1,59.0,oil,,,1357,
,,,,,120.0,,,complete,,109988.3,extraArrow2,59.67,tower,,,1358,
30,0,3000,80,,120.0,1000,570,order,1435,118219.6,U3,0.33,upgrade,,,1389,16
,,,,,120.0,,,complete,,122727.4,extraFrost1,8.33,frost,,,1401,
,,,,,120.0,,,complete,,135603.27,U3,31.0,upgrade,,,1435,
20,0,5600,0,,120.0,1000,570,order,1469,131898.6,H13,34.33,house,,,1440,9
20,0,2400,0,,120.0,1000,570,order,1478,129498.6,extraArrow3,34.33,tower,,,1440,18
,,,,,120.0,,,complete,,140854.53,H13,53.67,house,,,1469,
,,,,,120.0,,,complete,,144516.47,extraArrow3,59.67,tower,,,1478,
35,0,6000,30,,170.0,1000,570,order,1554,147787.27,I1,44.33,inn,,,1500,19
20,0,3600,0,,170.0,1000,570,order,1539,144187.27,Z1,44.33,frost,,,1500,19
30,0,3000,0,,170.0,1000,570,order,1557,141187.27,C3,44.33,coal,,,1500,27
20,0,3600,0,,170.0,1000,570,order,1541,137587.27,extraFrost2,44.33,frost,,,1500,21
,,,,,170.0,,,complete,,154702.87,Z1,70.33,frost,,,1539,
,,,,,170.0,,,complete,,155579.0,extraFrost2,71.67,frost,,,1541,
,,,,,170.0,,,complete,,161217.53,I1,80.33,inn,,,1554,
30,0,3000,80,,170.0,1000,570,order,1609,158217.53,U4,0.33,upgrade,,,1554,25
,,,,,170.0,,,complete,,159530.73,C3,2.33,coal,,,1557,
,,,,,,,,loss_tower_and_2_militia,,,,,,,1200,1560,
20,0,5900,0,,170.0,1300,570,order,1596,156138.93,H14,4.33,house,,,1560,16
20,0,2400,0,,170.0,1300,570,order,1598,153738.93,extraArrow4,4.33,tower,,,1560,18
20,0,2400,0,,170.0,1300,570,order,1722,165384.93,A2,24.33,tower,,,1590,112
,,,,,170.0,,,complete,,168194.13,H14,28.33,house,,,1596,
,,,,,170.0,,,complete,,169130.53,extraArrow4,29.67,tower,,,1598,
,,,,,170.0,,,complete,,174277.07,U4,37.0,upgrade,,,1609,
15,0,1200,0,,250.0,1300,570,order,1635,178318.0,replacement0,44.33,militia_unit,,,1620,0
,,,,,250.0,,,complete,,185654.6,replacement0,54.33,militia_unit,,,1635,
15,0,1200,0,,250.0,1300,570,order,1650,184454.6,replacement1,54.33,militia_unit,,,1635,0
,,,,,250.0,,,complete,,191994.2,replacement1,64.33,militia_unit,,,1650,
20,0,3600,0,,250.0,1300,570,order,1689,188394.2,extraFrost3,64.33,frost,,,1650,19
,,,,2,250.0,,,militia_recruit,,201454.6,,84.33,,,,1680,
30,0,1000,0,,250.0,1300,570,order,1730,200454.6,W4,84.33,wall,,,1680,20
20,0,2400,0,,250.0,1300,570,order,1722,198054.6,extraArrow5,84.33,tower,,,1680,22
,,,,,250.0,,,complete,,202644.0,extraFrost3,90.33,frost,,,1689,
,,,,,250.0,,,complete,,219263.8,A2,112.33,tower,,,1722,
,,,,,250.0,,,complete,,219263.8,extraArrow5,112.33,tower,,,1722,
,,,,,250.0,,,complete,,223228.6,W4,117.67,wall,,,1730,
30,0,3000,80,,310.0,1300,570,order,1791,225184.6,U5,44.33,upgrade,,,1740,21
,,,,,310.0,,,complete,,250460.2,U5,78.33,upgrade,,,1791,
35,0,8000,60,,310.0,1300,620,order,1850,246934.2,E1,24.33,electric,,,1800,15
60,300,16000,0,,10.0,1300,820,order,1885,230934.2,MAG3,24.33,magic3,,,1800,25
20,0,3600,0,,10.0,1300,820,order,1823,227334.2,extraFrost4,24.33,frost,,,1800,3
,,,,,10.0,,,complete,,238585.87,extraFrost4,39.67,frost,,,1823,
,,,,,10.0,,,complete,,252121.27,E1,57.67,electric,,,1850,
,,,,,70.0,,,complete,,269992.27,MAG3,81.0,magic3,,,1885,
30,0,3000,0,,70.0,1300,820,order,2114,284863.27,C4,104.33,coal,,,1920,164
40,70,9000,0,,60.0,1300,920,order,2048,306499.27,L3,144.33,storm,,,1980,28
30,0,3000,80,,60.0,1300,920,order,2028,303499.27,U6,64.33,upgrade,,,1980,18
,,,,,60.0,,,complete,,328008.07,U6,96.33,upgrade,,,2028,
,,,,,60.0,,,complete,,338328.07,L3,109.67,storm,,,2048,
,,,,2,60.0,,,militia_recruit,,363453.27,,144.33,,,,2100,
20,0,6200,0,,60.0,1300,920,order,2131,357253.27,H15,144.33,house,,,2100,11
30,0,3000,80,,60.0,1300,920,order,2140,354253.27,U7,64.33,upgrade,,,2100,10
,,,,,60.0,,,complete,,361670.47,C4,73.67,coal,,,2114,
,,,,,60.0,,,complete,,370620.4,H15,85.0,house,,,2131,
,,,,,60.0,,,complete,,375355.6,U7,91.0,upgrade,,,2140,
30,0,3000,80,,60.0,1600,920,order,2253,418977.6,U8,64.33,upgrade,,,2220,3
,,,,,60.0,,,complete,,438980.0,U8,86.33,upgrade,,,2253,
30,40,5000,0,,20.0,1600,970,order,2389,488895.27,SHR,144.33,shrine,,,2340,19
30,0,3000,0,,20.0,1600,970,order,2420,485895.27,C5,144.33,coal,,,2340,50
45,0,16000,150,,20.0,1600,1070,order,2404,475680.47,D1,0.33,department,,,2349,10
,,,,,20.0,,,complete,,501392.47,SHR,27.0,shrine,,,2389,
20,5,2600,0,,15.0,1600,1070,order,2420,505863.27,priest0,34.33,priest,,,2400,0
,,,,,15.0,,,complete,,508362.2,D1,37.0,department,,,2404,
,,,,,15.0,,,complete,,518421.93,C5,47.67,coal,,,2420,
,,,,,15.0,,,complete,,518421.93,priest0,47.67,priest,,,2420,
20,5,2600,0,,10.0,1900,1070,order,2450,522065.93,priest1,54.33,priest,,,2430,0
30,30,4800,0,,25.0,1900,1120,order,2486,523475.93,ring1,61.0,ring,,,2440,16
,,,,,25.0,,,complete,,529685.93,priest1,67.67,priest,,,2450,
30,30,4600,0,,55.0,1900,1170,order,2520,531269.27,verdict0,74.33,verdict,,,2460,30
20,5,2600,0,,50.0,1900,1170,order,2480,528669.27,priest2,74.33,priest,,,2460,0
,,,,,50.0,,,complete,,540967.93,priest2,87.67,priest,,,2480,
,,,,,50.0,,,complete,,544641.53,ring1,91.67,ring,,,2486,
20,5,2600,0,,45.0,1900,1170,order,2510,544463.93,priest3,94.33,priest,,,2490,0
,,,,,45.0,,,complete,,556507.93,priest3,107.67,priest,,,2510,
20,12,3400,0,,33.0,1900,1170,order,2530,553107.93,assassin0,107.67,assassin,,,2510,0
,,,,,33.0,,,complete,,559069.27,verdict0,114.33,verdict,,,2520,
,,,,,33.0,,,complete,,564963.93,assassin0,121.0,assassin,,,2530,
20,12,3400,0,,21.0,1900,1170,order,2550,561563.93,assassin1,121.0,assassin,,,2530,0
,,,,,21.0,,,complete,,573225.27,assassin1,134.33,assassin,,,2550,
40,70,9000,0,,11.0,1900,1270,order,2867,721483.27,storm2,314.33,storm,,,2820,7
,,,,,11.0,,,complete,,749247.73,storm2,345.67,storm,,,2867,
40,100,11000,0,,31.0,1900,1390,order,3166,883893.27,furnace0,514.33,furnace,,,3120,6
,,,,,31.0,,,complete,,910116.33,furnace0,545.0,furnace,,,3166,
